{"cameraMode":{"drawMode":0,"name":"Shaded","section":"Shading Mode"},"sceneLighting":true,"audioPlay":false,"sceneViewState":{"m_AlwaysRefresh":false,"showFog":true,"showSkybox":true,"showFlares":true,"showImageEffects":true,"showParticleSystems":true,"showVisualEffectGraphs":true,"m_FxEnabled":true},"in2DMode":false,"pivot":{"x":8.145501136779786,"y":-2.557968854904175,"z":3.333799362182617},"rotation":{"x":0.00025869341334328055,"y":0.9993771314620972,"z":-0.03449219465255737,"w":0.007495465688407421},"size":8.541901588439942,"orthographic":true}